<?xml version="1.0" encoding="UTF-8" ?>
<!DOCTYPE mapper
        PUBLIC "-//mybatis.org//DTD Mapper 3.0//EN"
        "http://mybatis.org/dtd/mybatis-3-mapper.dtd">
<mapper namespace="com.atguigu.system.mapper.SysRoleMapper">

    <resultMap id="RoleMap" type="com.atguigu.model.system.SysRole" autoMapping="true"></resultMap>
    <!--条件分页查询-->
    <select id="selectPage" resultMap="RoleMap">
        SELECT id,role_name,role_code,description,create_time,update_time,is_deleted
        FROM sys_role
        <where>
            <if test="vo.roleName != null and vo.roleName != ''">
                and role_name LIKE CONCAT('%',#{vo.roleName},'%')
            </if>
            and is_deleted = 0
        </where>
        order by id desc
    </select>
</mapper>